Code,Year,Entity,Poverty,Any Union
ALB,1996,Albania,0.534846036,0
ALB,2002,Albania,1.09264739,0
ALB,2005,Albania,0.591085684,0
ALB,2008,Albania,0.199925146,0
ALB,2012,Albania,0.620690887,0
ALB,2014,Albania,1.023100774,0
ALB,2015,Albania,0.120621059,0
ALB,2016,Albania,0.139303166,0
ALB,2017,Albania,0.392569934,0
ALB,2018,Albania,0.048107048,0
ALB,2019,Albania,0,0
DZA,1995,Algeria,5.770566406,0
DZA,2011,Algeria,0.455467529,0
AGO,2000,Angola,21.40884777,0
AGO,2008,Angola,14.63248729,0
AGO,2018,Angola,31.12200623,0
ARM,1996,Armenia,13.89882324,0
ARM,1999,Armenia,11.89941379,0
ARM,2001,Armenia,13.97474938,0
ARM,2002,Armenia,9.966604049,0
ARM,2003,Armenia,7.539517471,0
ARM,2004,Armenia,5.317805528,0
ARM,2005,Armenia,2.629570387,0
ARM,2006,Armenia,1.998593516,0
ARM,2007,Armenia,1.53620261,0
ARM,2008,Armenia,0.879694248,0
ARM,2009,Armenia,1.247655732,0
ARM,2010,Armenia,0.951465346,0
ARM,2011,Armenia,1.185070938,0
ARM,2012,Armenia,0.832222349,0
ARM,2013,Armenia,1.738265176,0
ARM,2014,Armenia,1.439143083,0
ARM,2015,Armenia,1.146360068,0
ARM,2016,Armenia,1.107946568,0
ARM,2017,Armenia,0.78565459,0
ARM,2018,Armenia,1.339820926,0
ARM,2019,Armenia,1.030069779,0
AUS,1995,Australia,0.749782267,0
AUS,2001,Australia,0.747411616,0
AUS,2003,Australia,0.997330711,0
AUS,2004,Australia,0.712537196,0
AUS,2008,Australia,0.36123244,1
AUS,2010,Australia,0.349168412,1
AUS,2014,Australia,0.498483803,1
AUS,2016,Australia,0.498741779,1
AUS,2018,Australia,0.497093972,1
AUT,1994,Austria,0.248399214,0
AUT,1995,Austria,0.994031531,0
AUT,1997,Austria,0.209077565,0
AUT,2000,Austria,0.241608771,0
AUT,2003,Austria,0.332203258,0
AUT,2004,Austria,0.081652888,0
AUT,2005,Austria,0.153690105,0
AUT,2006,Austria,0.090110007,0
AUT,2007,Austria,0.372291729,0
AUT,2008,Austria,0.47116702,0
AUT,2009,Austria,0.65623472,0
AUT,2010,Austria,0.490702532,1
AUT,2011,Austria,0.41540423,1
AUT,2012,Austria,0.616917369,1
AUT,2013,Austria,0.337997855,1
AUT,2014,Austria,0.224260216,1
AUT,2015,Austria,0.67719302,1
AUT,2016,Austria,0.664063548,1
AUT,2017,Austria,0.31808962,1
AUT,2018,Austria,0.56835837,1
AUT,2019,Austria,0.640638887,1
AZE,1995,Azerbaijan,12.42059232,0
AZE,2001,Azerbaijan,6.157658683,0
AZE,2002,Azerbaijan,0.079501471,0
AZE,2003,Azerbaijan,0.050580966,0
AZE,2004,Azerbaijan,0,0
AZE,2005,Azerbaijan,0,0
BGD,1991,Bangladesh,41.94486331,0
BGD,1995,Bangladesh,33.66874243,0
BGD,2000,Bangladesh,33.32133371,0
BGD,2005,Bangladesh,23.96659106,0
BGD,2010,Bangladesh,18.22385629,0
BGD,2016,Bangladesh,13.46830297,0
BLR,1993,Belarus,0.40664917,0
BLR,1995,Belarus,1.248765869,0
BLR,1998,Belarus,21.76336558,0
BLR,1999,Belarus,19.19229854,0
BLR,2000,Belarus,13.64242556,0
BLR,2001,Belarus,6.624224372,0
BLR,2002,Belarus,4.394347228,0
BLR,2003,Belarus,3.510355161,0
BLR,2004,Belarus,1.300830877,0
BLR,2005,Belarus,0.890886719,0
BLR,2006,Belarus,0.398579459,0
BLR,2007,Belarus,0.218589769,0
BLR,2008,Belarus,0.166524317,0
BLR,2009,Belarus,0.138172265,0
BLR,2010,Belarus,0.033942716,0
BLR,2011,Belarus,0.006575962,0
BLR,2012,Belarus,0.01205592,0
BLR,2013,Belarus,0,0
BLR,2014,Belarus,0,0
BLR,2015,Belarus,0,0
BLR,2016,Belarus,0,0
BLR,2017,Belarus,0,0
BLR,2018,Belarus,0,0
BLR,2019,Belarus,0,0
BEL,1992,Belgium,0.983283828,0
BEL,1995,Belgium,0.41241007,0
BEL,1997,Belgium,0.492479403,0
BEL,2000,Belgium,0.305506009,0
BEL,2003,Belgium,0.294419303,0
BEL,2004,Belgium,0.052021959,0
BEL,2005,Belgium,0.193070232,0
BEL,2006,Belgium,0.168941521,0
BEL,2007,Belgium,0.151451473,0
BEL,2008,Belgium,0.11841666,0
BEL,2009,Belgium,0.107580909,0
BEL,2010,Belgium,0.137115283,0
BEL,2011,Belgium,0.168268179,0
BEL,2012,Belgium,0.156571454,0
BEL,2013,Belgium,0.144508056,0
BEL,2014,Belgium,0.076495959,0
BEL,2015,Belgium,0.070758548,0
BEL,2016,Belgium,0.059816154,0
BEL,2017,Belgium,0.147868582,0
BEL,2018,Belgium,0.081113596,0
BEL,2019,Belgium,0.078552465,0
BLZ,1993,Belize,13.547187,0
BLZ,1994,Belize,14.79382763,0
BLZ,1995,Belize,15.26647269,0
BLZ,1996,Belize,18.27106066,0
BLZ,1997,Belize,21.49214979,0
BLZ,1998,Belize,19.79583968,0
BLZ,1999,Belize,18.01328395,0
BEN,2003,Benin,53.08946232,0
BEN,2011,Benin,54.2616466,0
BEN,2015,Benin,50.70925714,0
BEN,2018,Benin,19.89600557,0
BTN,2003,Bhutan,13.3622053,0
BTN,2007,Bhutan,5.853421149,0
BTN,2012,Bhutan,1.730330043,0
BTN,2017,Bhutan,0.945762399,0
BOL,1997,Bolivia,15.53888297,0
BOL,1999,Bolivia,21.87510194,0
BOL,2000,Bolivia,24.24742363,0
BOL,2001,Bolivia,19.03104386,0
BOL,2002,Bolivia,19.68642985,0
BOL,2004,Bolivia,10.2167712,0
BOL,2005,Bolivia,15.60661229,0
BOL,2006,Bolivia,12.49470664,0
BOL,2007,Bolivia,9.466773287,0
BOL,2008,Bolivia,8.344567449,0
BOL,2009,Bolivia,8.781656956,0
BOL,2011,Bolivia,5.298904792,0
BOL,2012,Bolivia,6.467938761,0
BOL,2013,Bolivia,5.201629853,0
BOL,2014,Bolivia,4.275892239,0
BOL,2015,Bolivia,4.62996446,0
BOL,2016,Bolivia,5.620338052,0
BOL,2017,Bolivia,4.933361338,0
BOL,2018,Bolivia,3.281593145,0
BOL,2019,Bolivia,1.920535198,0
BIH,2001,Bosnia and Herzegovina,0.325742996,0
BIH,2004,Bosnia and Herzegovina,0.181144186,0
BIH,2007,Bosnia and Herzegovina,0.066458512,0
BIH,2011,Bosnia and Herzegovina,0.074978758,0
BWA,1993,Botswana,34.10962402,0
BWA,2002,Botswana,29.13940673,0
BWA,2009,Botswana,17.68670852,0
BWA,2015,Botswana,15.42624203,0
BRA,1992,Brazil,23.2912275,0
BRA,1993,Brazil,22.10088344,0
BRA,1995,Brazil,14.73603542,0
BRA,1996,Brazil,16.00468024,0
BRA,1997,Brazil,15.97623635,0
BRA,1998,Brazil,14.33786372,0
BRA,1999,Brazil,14.96873809,0
BRA,2001,Brazil,13.04217456,0
BRA,2002,Brazil,11.73864035,0
BRA,2003,Brazil,12.60586928,0
BRA,2004,Brazil,11.05581183,0
BRA,2005,Brazil,9.962901109,0
BRA,2006,Brazil,8.264235562,0
BRA,2007,Brazil,7.8703753,0
BRA,2008,Brazil,6.507661876,0
BRA,2009,Brazil,6.120391911,0
BRA,2011,Brazil,5.322490328,1
BRA,2012,Brazil,4.493511238,1
BRA,2013,Brazil,3.728551671,1
BRA,2014,Brazil,3.325948601,1
BRA,2015,Brazil,3.877472823,1
BRA,2016,Brazil,4.706192445,1
BRA,2017,Brazil,5.269049273,1
BRA,2018,Brazil,5.301762495,1
BRA,2019,Brazil,5.388580863,1
BGR,1992,Bulgaria,0,0
BGR,1994,Bulgaria,0.260194092,0
BGR,1995,Bulgaria,1.207729469,0
BGR,1997,Bulgaria,0.540899658,0
BGR,2001,Bulgaria,2.574071591,0
BGR,2003,Bulgaria,0.930460335,0
BGR,2006,Bulgaria,5.830692252,0
BGR,2007,Bulgaria,0.499508685,0
BGR,2008,Bulgaria,1.25118403,0
BGR,2009,Bulgaria,1.305750121,0
BGR,2010,Bulgaria,2.007735769,0
BGR,2011,Bulgaria,2.45875723,0
BGR,2012,Bulgaria,2.309443826,0
BGR,2013,Bulgaria,1.783776549,0
BGR,2014,Bulgaria,1.660308649,0
BGR,2015,Bulgaria,3.419648287,0
BGR,2016,Bulgaria,1.966491,0
BGR,2017,Bulgaria,1.371766349,0
BGR,2018,Bulgaria,0.870460562,0
BGR,2019,Bulgaria,0.923633703,0
BFA,1994,Burkina Faso,82.07941731,0
BFA,1998,Burkina Faso,79.91789626,0
BFA,2003,Burkina Faso,54.70373761,0
BFA,2009,Burkina Faso,52.64916971,0
BFA,2014,Burkina Faso,39.60285869,0
BFA,2018,Burkina Faso,30.53531287,0
BDI,1992,Burundi,75.0594187,0
BDI,1998,Burundi,79.44115555,0
BDI,2006,Burundi,71.84431836,0
BDI,2013,Burundi,65.13289285,0
CMR,1996,Cameroon,50.36590069,0
CMR,2001,Cameroon,25.69444633,0
CMR,2007,Cameroon,31.42313015,0
CMR,2014,Cameroon,25.65751774,0
CAN,1991,Canada,0.217573773,0
CAN,1994,Canada,0.248140968,0
CAN,1997,Canada,0.499269867,0
CAN,1998,Canada,0.499315121,0
CAN,2000,Canada,0.249810481,1
CAN,2004,Canada,0.243558485,1
CAN,2007,Canada,0.248252421,1
CAN,2010,Canada,0.248831004,1
CAN,2012,Canada,0.24652141,1
CAN,2013,Canada,0.496485445,1
CAN,2014,Canada,0.24215805,1
CAN,2015,Canada,0.24590449,1
CAN,2016,Canada,0.248713671,1
CAN,2017,Canada,0.247010647,1
CPV,2001,Cape Verde,19.57415437,0
CPV,2007,Cape Verde,10.56711629,0
CPV,2015,Cape Verde,4.564231086,0
CAF,1992,Central African Republic,82.1854722,0
CAF,2008,Central African Republic,61.88422248,0
TCD,2003,Chad,57.79024457,0
TCD,2011,Chad,36.61672675,0
TCD,2018,Chad,30.88294259,0
CHL,1992,Chile,6.699598193,0
CHL,1994,Chile,6.797464209,0
CHL,1996,Chile,4.664467728,0
CHL,1998,Chile,4.586696712,0
CHL,2000,Chile,5.826291816,0
CHL,2003,Chile,5.287876144,0
CHL,2006,Chile,2.087268758,0
CHL,2009,Chile,1.724762608,0
CHL,2011,Chile,0.931206497,0
CHL,2013,Chile,0.531170967,0
CHL,2015,Chile,0.43143428,1
CHL,2017,Chile,0.337579343,1
CHN,1993,China,62.7059948,0
CHN,1996,China,48.14048535,0
CHN,1999,China,45.96584192,0
CHN,2002,China,36.50299798,0
CHN,2005,China,22.1175233,0
CHN,2008,China,17.95898774,0
CHN,2010,China,13.90228215,0
CHN,2011,China,10.22521411,0
CHN,2012,China,8.492859662,0
CHN,2013,China,2.883034349,0
CHN,2014,China,2.07914926,0
CHN,2015,China,1.169680127,0
CHN,2016,China,0.833268907,0
CHN,2017,China,0.675713999,0
CHN,2018,China,0.427814858,0
CHN,2019,China,0.142428587,0
COL,1992,Colombia,9.55751365,0
COL,1996,Colombia,17.57368979,0
COL,1999,Colombia,21.35427811,0
COL,2000,Colombia,17.4969172,0
COL,2001,Colombia,20.99524749,0
COL,2002,Colombia,14.17810802,0
COL,2003,Colombia,13.00503817,0
COL,2004,Colombia,12.00756047,0
COL,2005,Colombia,10.73840164,0
COL,2008,Colombia,11.02541071,1
COL,2009,Colombia,9.605574093,1
COL,2010,Colombia,8.284388563,1
COL,2011,Colombia,6.828150468,1
COL,2012,Colombia,6.715417043,1
COL,2013,Colombia,6.115981039,1
COL,2014,Colombia,5.431382749,1
COL,2015,Colombia,4.925475963,1
COL,2016,Colombia,4.913530196,1
COL,2017,Colombia,4.339304905,1
COL,2018,Colombia,4.498261146,1
COL,2019,Colombia,5.284737548,1
COM,2004,Comoros,14.62582428,0
COM,2014,Comoros,18.64372175,0
COG,2005,Congo,49.55370113,0
COG,2011,Congo,35.35745416,0
CRI,1991,Costa Rica,12.41373898,0
CRI,1992,Costa Rica,9.941775995,0
CRI,1993,Costa Rica,8.527353473,0
CRI,1994,Costa Rica,7.041064171,0
CRI,1995,Costa Rica,7.149302789,0
CRI,1996,Costa Rica,8.220924077,0
CRI,1997,Costa Rica,6.724826431,0
CRI,1998,Costa Rica,5.224196375,0
CRI,1999,Costa Rica,6.81842391,0
CRI,2000,Costa Rica,6.926793802,0
CRI,2001,Costa Rica,5.094759032,0
CRI,2002,Costa Rica,4.675287488,0
CRI,2003,Costa Rica,4.724284833,0
CRI,2004,Costa Rica,4.663471297,0
CRI,2005,Costa Rica,3.333949653,0
CRI,2006,Costa Rica,3.337845476,0
CRI,2007,Costa Rica,1.820662995,0
CRI,2008,Costa Rica,2.420609916,0
CRI,2009,Costa Rica,2.477399337,0
CRI,2010,Costa Rica,1.489236217,0
CRI,2011,Costa Rica,1.750299436,0
CRI,2012,Costa Rica,1.673367909,0
CRI,2013,Costa Rica,1.642578814,0
CRI,2014,Costa Rica,1.505303483,0
CRI,2015,Costa Rica,1.573226853,0
CRI,2016,Costa Rica,1.336738083,0
CRI,2017,Costa Rica,1.172351048,0
CRI,2018,Costa Rica,1.505752569,0
CRI,2019,Costa Rica,1.057139479,0
CIV,1992,Cote d'Ivoire,27.05814322,0
CIV,1995,Cote d'Ivoire,25.90620984,0
CIV,1998,Cote d'Ivoire,30.36479556,0
CIV,2002,Cote d'Ivoire,29.06684592,0
CIV,2008,Cote d'Ivoire,34.41735089,0
CIV,2015,Cote d'Ivoire,33.44713798,0
CIV,2018,Cote d'Ivoire,11.448481,0
HRV,1998,Croatia,0,0
HRV,1999,Croatia,0.223580322,0
HRV,2000,Croatia,0.089329834,0
HRV,2001,Croatia,0.077125244,0
HRV,2004,Croatia,0,1
HRV,2008,Croatia,0,1
HRV,2009,Croatia,0.034421198,1
HRV,2010,Croatia,0,1
HRV,2011,Croatia,0.625336279,1
HRV,2012,Croatia,0.787402066,1
HRV,2013,Croatia,0.728868108,1
HRV,2014,Croatia,0.981814072,1
HRV,2015,Croatia,0.594814513,1
HRV,2016,Croatia,0.615990958,1
HRV,2017,Croatia,0.5171488,1
HRV,2018,Croatia,0.437550465,1
HRV,2019,Croatia,0.259925851,1
CYP,2004,Cyprus,0.094067947,0
CYP,2005,Cyprus,0.006351349,0
CYP,2006,Cyprus,0.018198819,0
CYP,2007,Cyprus,0.025159187,0
CYP,2008,Cyprus,0.008470223,0
CYP,2009,Cyprus,0.111964951,0
CYP,2010,Cyprus,0.036670096,0
CYP,2011,Cyprus,0.008045135,0
CYP,2012,Cyprus,0.004237799,0
CYP,2013,Cyprus,0.097018569,0
CYP,2014,Cyprus,0.078329797,0
CYP,2015,Cyprus,0.026797832,1
CYP,2016,Cyprus,0.041149011,1
CYP,2017,Cyprus,0.032828864,1
CYP,2018,Cyprus,0.016506581,1
CYP,2019,Cyprus,0.153831786,1
CZE,1992,Czechia,0,0
CZE,1993,Czechia,0.016102295,0
CZE,1996,Czechia,0,0
CZE,2002,Czechia,0,0
CZE,2004,Czechia,0,0
CZE,2005,Czechia,0.004932986,0
CZE,2006,Czechia,0.06581068,1
CZE,2007,Czechia,0.115902564,1
CZE,2008,Czechia,0.032779836,1
CZE,2009,Czechia,0.012035621,1
CZE,2010,Czechia,0.036178334,1
CZE,2011,Czechia,0.046060844,1
CZE,2012,Czechia,0.032207156,1
CZE,2013,Czechia,0.045690929,1
CZE,2014,Czechia,0,1
CZE,2015,Czechia,0.008764511,1
CZE,2016,Czechia,0,1
CZE,2017,Czechia,0,1
CZE,2018,Czechia,0.008861816,1
CZE,2019,Czechia,0,1
COD,2004,Democratic Republic of Congo,91.46730229,0
COD,2012,Democratic Republic of Congo,69.68845629,0
DNK,1992,Denmark,0.493952007,0
DNK,1995,Denmark,0,0
DNK,2000,Denmark,0,0
DNK,2003,Denmark,0.3432746,0
DNK,2004,Denmark,0.314980658,0
DNK,2005,Denmark,0.254847565,0
DNK,2006,Denmark,0.137509206,0
DNK,2007,Denmark,0.01391448,0
DNK,2008,Denmark,0.113210566,0
DNK,2009,Denmark,0.49477512,0
DNK,2010,Denmark,0.057294009,0
DNK,2011,Denmark,0,0
DNK,2012,Denmark,0,0
DNK,2013,Denmark,0.310915646,0
DNK,2014,Denmark,0.202610917,0
DNK,2015,Denmark,0.175425859,0
DNK,2016,Denmark,0.278386959,0
DNK,2017,Denmark,0.140905154,0
DNK,2018,Denmark,0.170111758,0
DNK,2019,Denmark,0.251407179,0
DJI,2002,Djibouti,22.5472135,0
DJI,2012,Djibouti,19.69190517,0
DJI,2013,Djibouti,24.92598214,0
DJI,2017,Djibouti,19.07920729,0
DOM,1992,Dominican Republic,7.625664062,0
DOM,1996,Dominican Republic,6.450147179,0
DOM,1997,Dominican Republic,6.870506727,0
DOM,2000,Dominican Republic,6.714430023,0
DOM,2001,Dominican Republic,5.137963187,0
DOM,2002,Dominican Republic,7.614324259,0
DOM,2003,Dominican Republic,8.697801564,0
DOM,2004,Dominican Republic,11.6073107,0
DOM,2005,Dominican Republic,7.409542822,0
DOM,2006,Dominican Republic,6.255223047,0
DOM,2007,Dominican Republic,6.067927765,0
DOM,2008,Dominican Republic,5.448599765,0
DOM,2009,Dominican Republic,4.679976905,0
DOM,2010,Dominican Republic,3.869213892,0
DOM,2011,Dominican Republic,4.055293964,0
DOM,2012,Dominican Republic,3.848861864,0
DOM,2013,Dominican Republic,2.971823146,0
DOM,2014,Dominican Republic,3.355925668,0
DOM,2015,Dominican Republic,2.53498694,0
DOM,2016,Dominican Republic,2.030172322,0
DOM,2017,Dominican Republic,1.001545148,0
DOM,2018,Dominican Republic,0.835534409,0
DOM,2019,Dominican Republic,0.832686617,0
TLS,2001,East Timor,21.80213349,0
TLS,2007,East Timor,17.344942,0
TLS,2014,East Timor,8.006142299,0
ECU,1994,Ecuador,17.3190412,0
ECU,1999,Ecuador,21.84344909,0
ECU,2000,Ecuador,28.43041764,0
ECU,2003,Ecuador,14.85365334,0
ECU,2004,Ecuador,15.01704085,0
ECU,2005,Ecuador,11.80350743,0
ECU,2006,Ecuador,8.153783876,0
ECU,2007,Ecuador,8.51890075,0
ECU,2008,Ecuador,7.513952554,1
ECU,2009,Ecuador,7.310499782,1
ECU,2010,Ecuador,5.678202258,1
ECU,2011,Ecuador,4.669197699,1
ECU,2012,Ecuador,4.463144751,1
ECU,2013,Ecuador,3.241089393,1
ECU,2014,Ecuador,2.635610873,1
ECU,2015,Ecuador,3.440066461,1
ECU,2016,Ecuador,3.575027266,1
ECU,2017,Ecuador,3.213253062,1
ECU,2018,Ecuador,3.311490684,1
ECU,2019,Ecuador,3.583584169,1
EGY,1995,Egypt,3.036738281,0
EGY,1999,Egypt,1.383016357,0
EGY,2004,Egypt,3.107613908,0
EGY,2008,Egypt,2.871902925,0
EGY,2010,Egypt,1.037314114,0
EGY,2012,Egypt,0.890078097,0
EGY,2015,Egypt,0.906030144,0
EGY,2017,Egypt,2.504851004,0
SLV,1991,El Salvador,22.06056182,0
SLV,1995,El Salvador,13.25930085,0
SLV,1996,El Salvador,15.26226646,0
SLV,1998,El Salvador,21.03104358,0
SLV,1999,El Salvador,17.2511738,0
SLV,2000,El Salvador,12.94293449,0
SLV,2001,El Salvador,14.10464102,0
SLV,2002,El Salvador,14.72886702,0
SLV,2003,El Salvador,15.81378677,0
SLV,2004,El Salvador,11.488363,0
SLV,2005,El Salvador,11.27845528,0
SLV,2006,El Salvador,7.65064271,0
SLV,2007,El Salvador,5.068490332,0
SLV,2008,El Salvador,7.717507921,0
SLV,2009,El Salvador,7.419960206,0
SLV,2010,El Salvador,6.345634563,0
SLV,2011,El Salvador,5.340929477,0
SLV,2012,El Salvador,4.637147589,0
SLV,2013,El Salvador,3.624728929,0
SLV,2014,El Salvador,3.441484445,0
SLV,2015,El Salvador,2.308847877,0
SLV,2016,El Salvador,2.632981948,0
SLV,2017,El Salvador,2.155499214,0
SLV,2018,El Salvador,1.84276633,0
SLV,2019,El Salvador,1.401915178,0
EST,1993,Estonia,1.352504883,0
EST,1995,Estonia,0.589718018,0
EST,1998,Estonia,0.162557373,0
EST,2000,Estonia,1.434108255,0
EST,2001,Estonia,1.218187647,0
EST,2002,Estonia,1.367154441,0
EST,2003,Estonia,1.177245899,0
EST,2004,Estonia,0.549376517,0
EST,2005,Estonia,0.811684237,0
EST,2006,Estonia,0.82397198,0
EST,2007,Estonia,0.425323708,0
EST,2008,Estonia,0.386177545,0
EST,2009,Estonia,0.555037059,0
EST,2010,Estonia,0.79221959,0
EST,2011,Estonia,0.97961551,0
EST,2012,Estonia,0.739738748,0
EST,2013,Estonia,0.859654761,0
EST,2014,Estonia,0.830527127,0
EST,2015,Estonia,0.600040533,0
EST,2016,Estonia,0.470058617,1
EST,2017,Estonia,0.268706029,1
EST,2018,Estonia,0.248735834,1
EST,2019,Estonia,0.556940336,1
SWZ,1994,Eswatini,85.4482312,0
SWZ,2000,Eswatini,56.13338281,0
SWZ,2009,Eswatini,49.32560409,0
SWZ,2016,Eswatini,36.07984696,0
ETH,1995,Ethiopia,65.22973552,0
ETH,1999,Ethiopia,52.65446451,0
ETH,2004,Ethiopia,34.33869038,0
ETH,2010,Ethiopia,31.26056956,0
ETH,2015,Ethiopia,27.00761924,0
FJI,2002,Fiji,1.678158853,0
FJI,2008,Fiji,1.027141189,0
FJI,2013,Fiji,0.363551584,0
FJI,2019,Fiji,1.318268883,0
FIN,1991,Finland,0,0
FIN,1995,Finland,0,0
FIN,2000,Finland,0,0
FIN,2003,Finland,0.049275037,1
FIN,2004,Finland,0.039413903,1
FIN,2005,Finland,0.055315241,1
FIN,2006,Finland,0.080375466,1
FIN,2007,Finland,0.063742586,1
FIN,2008,Finland,0.053872227,1
FIN,2009,Finland,0.052470086,1
FIN,2010,Finland,0.053840696,1
FIN,2011,Finland,0.047390878,1
FIN,2012,Finland,0.052725158,1
FIN,2013,Finland,0.085137585,1
FIN,2014,Finland,0.06616784,1
FIN,2015,Finland,0.07020851,1
FIN,2016,Finland,0.047236145,1
FIN,2017,Finland,0.065777735,1
FIN,2018,Finland,0.056774256,1
FIN,2019,Finland,0.03882923,1
FRA,1994,France,0,0
FRA,2000,France,0,1
FRA,2003,France,0.157357503,1
FRA,2004,France,0.049725943,1
FRA,2005,France,0.043055452,1
FRA,2006,France,0.027628508,1
FRA,2007,France,0.014867865,1
FRA,2008,France,0.009692239,1
FRA,2009,France,0.044348998,1
FRA,2010,France,0.08739457,1
FRA,2011,France,0.025783392,1
FRA,2012,France,0.060952414,1
FRA,2013,France,0.060390084,1
FRA,2014,France,0.018678668,1
FRA,2015,France,0.133555046,1
FRA,2016,France,0.058125883,1
FRA,2017,France,0.015888225,1
FRA,2018,France,0.021168055,1
GAB,2005,Gabon,5.483823046,0
GAB,2017,Gabon,2.468641956,0
GMB,1998,Gambia,74.09505575,0
GMB,2003,Gambia,50.68549409,0
GMB,2010,Gambia,29.82949546,0
GMB,2015,Gambia,13.3820668,0
GEO,1996,Georgia,6.767305069,0
GEO,1997,Georgia,18.78447112,0
GEO,1998,Georgia,16.96164028,0
GEO,1999,Georgia,21.7903132,0
GEO,2000,Georgia,22.89990672,0
GEO,2001,Georgia,23.00842895,0
GEO,2002,Georgia,12.68957709,0
GEO,2003,Georgia,12.94912803,0
GEO,2004,Georgia,12.37200815,0
GEO,2005,Georgia,12.88276666,0
GEO,2006,Georgia,12.59018362,0
GEO,2007,Georgia,14.19701945,0
GEO,2008,Georgia,12.44646513,0
GEO,2009,Georgia,12.12790248,0
GEO,2010,Georgia,14.36421603,0
GEO,2011,Georgia,13.40154243,0
GEO,2012,Georgia,10.66622453,0
GEO,2013,Georgia,8.078715132,0
GEO,2014,Georgia,6.127039009,0
GEO,2015,Georgia,4.879491767,0
GEO,2016,Georgia,4.913371526,0
GEO,2017,Georgia,6.229865641,0
GEO,2018,Georgia,5.559080269,0
GEO,2019,Georgia,4.848628642,0
DEU,1991,Germany,0,0
DEU,1992,Germany,0,0
DEU,1993,Germany,0,0
DEU,1994,Germany,0.188213481,0
DEU,1995,Germany,0.242429062,0
DEU,1996,Germany,0,0
DEU,1997,Germany,0,0
DEU,1998,Germany,0,0
DEU,1999,Germany,0,0
DEU,2000,Germany,0,0
DEU,2001,Germany,0,1
DEU,2002,Germany,0,1
DEU,2003,Germany,0,1
DEU,2004,Germany,0,1
DEU,2005,Germany,0,1
DEU,2006,Germany,0,1
DEU,2007,Germany,0,1
DEU,2008,Germany,0,1
DEU,2009,Germany,0,1
DEU,2010,Germany,0,1
DEU,2011,Germany,0,1
DEU,2012,Germany,0,1
DEU,2013,Germany,0,1
DEU,2014,Germany,0,1
DEU,2015,Germany,0,1
DEU,2016,Germany,0,1
DEU,2017,Germany,0.233553219,1
DEU,2018,Germany,0,1
GHA,1991,Ghana,71.75438904,0
GHA,1998,Ghana,56.71071164,0
GHA,2005,Ghana,42.50830944,0
GHA,2012,Ghana,25.74297466,0
GHA,2016,Ghana,25.29451554,0
GRC,1995,Greece,1.737675457,0
GRC,2000,Greece,0.493105459,0
GRC,2003,Greece,0.498297551,0
GRC,2004,Greece,0.641832078,0
GRC,2005,Greece,0.338561714,0
GRC,2006,Greece,0.552715668,0
GRC,2007,Greece,0.499264448,0
GRC,2008,Greece,0.344443777,0
GRC,2009,Greece,0.626635213,0
GRC,2010,Greece,0.973068322,0
GRC,2011,Greece,1.122917467,0
GRC,2012,Greece,1.455922365,0
GRC,2013,Greece,0.95517563,0
GRC,2014,Greece,1.513193519,0
GRC,2015,Greece,1.370090571,1
GRC,2016,Greece,1.039196759,1
GRC,2017,Greece,0.87277668,1
GRC,2018,Greece,0.139562674,1
GRC,2019,Greece,0.689551736,1
GTM,1998,Guatemala,13.99645996,0
GTM,2000,Guatemala,9.607775878,0
GTM,2006,Guatemala,11.65010522,0
GTM,2014,Guatemala,9.521302731,0
GIN,1991,Guinea,87.87038333,0
GIN,1994,Guinea,40.78944204,0
GIN,2002,Guinea,53.18787515,0
GIN,2007,Guinea,47.88705652,0
GIN,2012,Guinea,24.54414849,0
GIN,2018,Guinea,13.82009952,0
GNB,1993,Guinea-Bissau,42.2325682,0
GNB,2002,Guinea-Bissau,53.16658674,0
GNB,2010,Guinea-Bissau,66.6851156,0
GNB,2018,Guinea-Bissau,21.66049062,0
GUY,1992,Guyana,29.3844038,0
GUY,1998,Guyana,11.89703656,0
HTI,2001,Haiti,67.83363388,0
HTI,2012,Haiti,29.19219485,0
HND,1991,Honduras,30.77472277,0
HND,1992,Honduras,26.96834257,0
HND,1993,Honduras,21.42963767,0
HND,1994,Honduras,24.30444119,0
HND,1995,Honduras,26.2290546,0
HND,1996,Honduras,28.55096369,0
HND,1997,Honduras,19.59001365,0
HND,1998,Honduras,24.54386791,0
HND,1999,Honduras,24.92519993,0
HND,2001,Honduras,19.83711813,0
HND,2002,Honduras,21.99517696,0
HND,2003,Honduras,26.49946986,0
HND,2004,Honduras,25.43301868,0
HND,2005,Honduras,25.06703844,0
HND,2006,Honduras,21.14211576,0
HND,2007,Honduras,15.64299188,0
HND,2008,Honduras,15.2440354,0
HND,2009,Honduras,12.32207928,0
HND,2010,Honduras,13.80220196,0
HND,2011,Honduras,14.3230904,0
HND,2012,Honduras,16.99270526,0
HND,2013,Honduras,14.56850471,0
HND,2014,Honduras,13.28217666,0
HND,2015,Honduras,12.97755392,0
HND,2016,Honduras,14.60698273,0
HND,2017,Honduras,13.85552166,0
HND,2018,Honduras,14.23357345,0
HND,2019,Honduras,12.74299174,0
HUN,1991,Hungary,1.675786588,0
HUN,1993,Hungary,0.186966553,0
HUN,1994,Hungary,1.24122176,0
HUN,1998,Hungary,0.04696981,0
HUN,1999,Hungary,0.071297493,0
HUN,2000,Hungary,0.060886282,0
HUN,2001,Hungary,0,0
HUN,2002,Hungary,0,0
HUN,2003,Hungary,0.018131863,0
HUN,2004,Hungary,0,0
HUN,2005,Hungary,0,0
HUN,2006,Hungary,0,0
HUN,2007,Hungary,0,0
HUN,2008,Hungary,0.021265051,0
HUN,2009,Hungary,0.064792815,1
HUN,2010,Hungary,0.071793157,1
HUN,2011,Hungary,0.09156373,1
HUN,2012,Hungary,0.325759031,1
HUN,2013,Hungary,0.180298806,1
HUN,2014,Hungary,0.657674388,1
HUN,2015,Hungary,0.62615483,1
HUN,2016,Hungary,1.348722582,1
HUN,2017,Hungary,0.609267341,1
HUN,2018,Hungary,0.207530354,1
HUN,2019,Hungary,0.301702462,1
ISL,2003,Iceland,0,0
ISL,2004,Iceland,0.170065497,0
ISL,2005,Iceland,0.03701966,0
ISL,2006,Iceland,0.146804858,0
ISL,2007,Iceland,0.08061417,0
ISL,2008,Iceland,0.060815003,0
ISL,2009,Iceland,0.097200671,0
ISL,2010,Iceland,0.149384488,0
ISL,2011,Iceland,0.123283962,0
ISL,2012,Iceland,0.033555817,0
ISL,2013,Iceland,0.047026344,0
ISL,2014,Iceland,0,0
ISL,2015,Iceland,0.034490183,0
ISL,2016,Iceland,0,0
ISL,2017,Iceland,0,0
IND,1993,India,47.64457374,0
IND,2004,India,39.90965445,0
IND,2009,India,32.86712608,0
IND,2011,India,22.53226167,0
IND,2015,India,18.73055723,0
IND,2016,India,18.10634522,0
IND,2017,India,13.36569587,0
IND,2018,India,11.08792608,0
IND,2019,India,10.01220284,0
IDN,1993,Indonesia,62.09677443,0
IDN,1996,Indonesia,51.28260059,0
IDN,1998,Indonesia,69.1238103,0
IDN,1999,Indonesia,45.96813345,0
IDN,2000,Indonesia,43.60342097,0
IDN,2001,Indonesia,39.87312593,0
IDN,2002,Indonesia,26.79416527,0
IDN,2003,Indonesia,26.44779549,0
IDN,2004,Indonesia,27.01486265,0
IDN,2005,Indonesia,24.64383366,0
IDN,2006,Indonesia,30.58649875,0
IDN,2007,Indonesia,25.24905795,0
IDN,2008,Indonesia,24.74697126,0
IDN,2009,Indonesia,20.95784029,0
IDN,2010,Indonesia,18.25309091,0
IDN,2011,Indonesia,15.69308183,0
IDN,2012,Indonesia,13.73531723,0
IDN,2013,Indonesia,11.17879636,0
IDN,2014,Indonesia,9.261918362,0
IDN,2015,Indonesia,8.276287492,0
IDN,2016,Indonesia,7.517360564,0
IDN,2017,Indonesia,6.618347691,0
IDN,2018,Indonesia,5.424300028,0
IDN,2019,Indonesia,4.380574452,0
IRN,1994,Iran,4.476879883,0
IRN,1998,Iran,4.525698242,0
IRN,2005,Iran,1.021020466,0
IRN,2006,Iran,0.849096732,0
IRN,2009,Iran,1.491826407,0
IRN,2013,Iran,0.268701582,0
IRN,2014,Iran,0.793257757,0
IRN,2015,Iran,0.72021691,0
IRN,2016,Iran,0.693286871,0
IRN,2017,Iran,0.632029842,0
IRN,2018,Iran,0.857755325,0
IRN,2019,Iran,1.050399412,0
IRQ,2006,Iraq,0.035182139,0
IRQ,2012,Iraq,0.088752467,0
IRL,1994,Ireland,0.163433766,0
IRL,1995,Ireland,0.176097523,0
IRL,1996,Ireland,0.224018085,0
IRL,2000,Ireland,0.178272197,0
IRL,2002,Ireland,0.235051835,0
IRL,2003,Ireland,0.127632712,0
IRL,2004,Ireland,0.052105939,0
IRL,2005,Ireland,0.021705688,0
IRL,2006,Ireland,0.3984308,0
IRL,2007,Ireland,0.098496273,0
IRL,2008,Ireland,0.180506709,0
IRL,2009,Ireland,0.490602157,0
IRL,2010,Ireland,0.542757136,0
IRL,2011,Ireland,0.544944668,0
IRL,2012,Ireland,0.335012365,0
IRL,2013,Ireland,0.682228501,0
IRL,2014,Ireland,0.388953793,0
IRL,2015,Ireland,0.367627564,0
IRL,2016,Ireland,0.134726121,0
IRL,2017,Ireland,0.243196115,0
IRL,2018,Ireland,0.003921386,0
ISR,1992,Israel,0.215327275,0
ISR,1997,Israel,0.245608358,1
ISR,2001,Israel,0.248977772,1
ISR,2002,Israel,0.480425345,1
ISR,2003,Israel,0.462705842,1
ISR,2004,Israel,0.499138864,1
ISR,2005,Israel,0.483315293,1
ISR,2006,Israel,0.224965806,1
ISR,2007,Israel,0.491812385,1
ISR,2008,Israel,0.483507903,1
ISR,2009,Israel,0.491627745,1
ISR,2010,Israel,0.227678353,1
ISR,2011,Israel,0.230770592,1
ISR,2012,Israel,0.73900739,1
ISR,2013,Israel,0.453780336,1
ISR,2014,Israel,0.49243242,1
ISR,2015,Israel,0.493853655,1
ISR,2016,Israel,0.241394643,1
ISR,2017,Israel,0.45742482,1
ISR,2018,Israel,0.496766237,1
ITA,1991,Italy,0.247716943,0
ITA,1993,Italy,1.223218901,0
ITA,1995,Italy,0.742329068,0
ITA,1998,Italy,1.742441262,0
ITA,2000,Italy,1.249517026,0
ITA,2003,Italy,0.769403296,0
ITA,2004,Italy,0.604520633,0
ITA,2005,Italy,0.647290218,0
ITA,2006,Italy,0.653436245,0
ITA,2007,Italy,0.680242974,0
ITA,2008,Italy,0.704179491,0
ITA,2009,Italy,0.911579304,0
ITA,2010,Italy,1.265289526,0
ITA,2011,Italy,1.15604815,0
ITA,2012,Italy,1.200608491,0
ITA,2013,Italy,1.373167206,0
ITA,2014,Italy,1.232120299,0
ITA,2015,Italy,1.948866408,0
ITA,2016,Italy,1.629945493,1
ITA,2017,Italy,1.421634253,1
ITA,2018,Italy,1.457646871,1
JAM,1993,Jamaica,7.418186035,0
JAM,1996,Jamaica,2.562860812,0
JAM,1999,Jamaica,2.314703246,0
JAM,2002,Jamaica,2.128691256,0
JAM,2004,Jamaica,1.177245927,0
JPN,2008,Japan,0.479825608,0
JPN,2010,Japan,0,0
JPN,2013,Japan,0.727887887,0
JOR,1992,Jordan,0.638536377,0
JOR,1997,Jordan,0.40664917,0
JOR,2002,Jordan,0.195180505,0
JOR,2006,Jordan,0.090887451,0
JOR,2008,Jordan,0.010805057,0
JOR,2010,Jordan,0.040854883,0
KAZ,1993,Kazakhstan,8.435302842,0
KAZ,1996,Kazakhstan,7.940509201,0
KAZ,2001,Kazakhstan,12.81441939,0
KAZ,2002,Kazakhstan,8.887372077,0
KAZ,2003,Kazakhstan,6.167813188,0
KAZ,2004,Kazakhstan,3.31670659,0
KAZ,2005,Kazakhstan,8.661421347,0
KAZ,2006,Kazakhstan,1.011472318,0
KAZ,2007,Kazakhstan,0.385548613,0
KAZ,2008,Kazakhstan,0.242865191,0
KAZ,2009,Kazakhstan,0.244165317,0
KAZ,2010,Kazakhstan,0.195122904,0
KAZ,2011,Kazakhstan,0.071094771,0
KAZ,2012,Kazakhstan,0.038424108,0
KAZ,2013,Kazakhstan,0.033109629,0
KAZ,2014,Kazakhstan,0.019275259,0
KAZ,2015,Kazakhstan,0.038270587,0
KAZ,2016,Kazakhstan,0.050528718,0
KAZ,2017,Kazakhstan,0.041498997,0
KAZ,2018,Kazakhstan,0.015140791,0
KEN,1992,Kenya,26.4451416,0
KEN,1994,Kenya,25.88055407,0
KEN,1997,Kenya,25.39386317,0
KEN,2005,Kenya,36.67383921,0
KEN,2015,Kenya,29.36510585,0
KIR,2006,Kiribati,14.02715237,0
KIR,2019,Kiribati,1.65736114,0
OWID_KOS,2003,Kosovo,2.397859519,0
OWID_KOS,2005,Kosovo,4.20929192,0
OWID_KOS,2006,Kosovo,4.075941867,0
OWID_KOS,2009,Kosovo,3.409753723,0
OWID_KOS,2010,Kosovo,2.894364637,0
OWID_KOS,2011,Kosovo,1.880268477,0
OWID_KOS,2012,Kosovo,0.834930594,0
OWID_KOS,2013,Kosovo,0.445217123,0
OWID_KOS,2014,Kosovo,1.136909344,0
OWID_KOS,2015,Kosovo,0.779773875,0
OWID_KOS,2016,Kosovo,0.764696094,0
OWID_KOS,2017,Kosovo,0.440241311,0
KGZ,1998,Kyrgyzstan,28.42345722,0
KGZ,2000,Kyrgyzstan,38.18244014,0
KGZ,2001,Kyrgyzstan,33.35690265,0
KGZ,2002,Kyrgyzstan,31.14936255,0
KGZ,2003,Kyrgyzstan,25.70317875,0
KGZ,2004,Kyrgyzstan,11.57546949,0
KGZ,2005,Kyrgyzstan,13.57483712,0
KGZ,2006,Kyrgyzstan,8.371434202,0
KGZ,2007,Kyrgyzstan,8.752659228,0
KGZ,2008,Kyrgyzstan,3.309288518,0
KGZ,2009,Kyrgyzstan,1.546930702,0
KGZ,2010,Kyrgyzstan,3.52141799,0
KGZ,2011,Kyrgyzstan,1.257770408,0
KGZ,2012,Kyrgyzstan,2.629814716,0
KGZ,2013,Kyrgyzstan,2.62000409,0
KGZ,2014,Kyrgyzstan,1.048443573,0
KGZ,2015,Kyrgyzstan,2.180596324,0
KGZ,2016,Kyrgyzstan,1.14351041,0
KGZ,2017,Kyrgyzstan,1.268574539,0
KGZ,2018,Kyrgyzstan,0.735891473,0
KGZ,2019,Kyrgyzstan,0.659063668,0
LAO,1992,Laos,23.7008034,0
LAO,1997,Laos,43.19544386,0
LAO,2002,Laos,25.36988174,0
LAO,2007,Laos,19.54654012,0
LAO,2012,Laos,10.89104423,0
LAO,2018,Laos,7.138362829,0
LVA,1993,Latvia,0.016102295,0
LVA,1995,Latvia,0.03057297,0
LVA,1996,Latvia,1.765589188,0
LVA,1997,Latvia,2.197101572,0
LVA,1998,Latvia,1.756435327,0
LVA,2002,Latvia,0.71719413,0
LVA,2003,Latvia,0.604463072,0
LVA,2004,Latvia,0.28444553,0
LVA,2005,Latvia,2.362021695,0
LVA,2006,Latvia,1.553331663,0
LVA,2007,Latvia,0.021305429,0
LVA,2008,Latvia,0.027127187,0
LVA,2009,Latvia,0.354931377,0
LVA,2010,Latvia,1.732676427,0
LVA,2011,Latvia,1.028608572,0
LVA,2012,Latvia,1.067699434,0
LVA,2013,Latvia,1.165378743,0
LVA,2014,Latvia,0.791355906,0
LVA,2015,Latvia,0.650310965,0
LVA,2016,Latvia,0.646951271,0
LVA,2017,Latvia,0.797217866,0
LVA,2018,Latvia,0.360002433,0
LVA,2019,Latvia,0.239100797,0
LBN,2011,Lebanon,0,0
LSO,1994,Lesotho,53.74653465,0
LSO,2002,Lesotho,66.33908974,0
LSO,2017,Lesotho,32.39991099,0
LBR,2007,Liberia,53.34777596,0
LBR,2014,Liberia,25.93076234,0
LBR,2016,Liberia,27.6177479,0
LTU,1993,Lithuania,6.616963303,0
LTU,1996,Lithuania,0,0
LTU,1998,Lithuania,0.322596471,0
LTU,1999,Lithuania,0.29311337,0
LTU,2000,Lithuania,0.245241753,0
LTU,2001,Lithuania,0.578524742,0
LTU,2002,Lithuania,0.503803479,0
LTU,2003,Lithuania,0.194675954,0
LTU,2004,Lithuania,0.092465658,0
LTU,2005,Lithuania,1.781726799,0
LTU,2006,Lithuania,1.523017096,0
LTU,2007,Lithuania,1.339564432,0
LTU,2008,Lithuania,0.149395424,0
LTU,2009,Lithuania,2.243250605,0
LTU,2010,Lithuania,1.534339919,0
LTU,2011,Lithuania,0.700575077,0
LTU,2012,Lithuania,0.947792582,0
LTU,2013,Lithuania,0.705008152,0
LTU,2014,Lithuania,1.262025983,0
LTU,2015,Lithuania,0.719858604,0
LTU,2016,Lithuania,1.270505922,0
LTU,2017,Lithuania,1.022507264,0
LTU,2018,Lithuania,0.925013653,0
LTU,2019,Lithuania,0.547929656,0
LUX,1991,Luxembourg,0,0
LUX,1994,Luxembourg,0,0
LUX,1997,Luxembourg,0,0
LUX,2000,Luxembourg,0,0
LUX,2003,Luxembourg,0.07174669,0
LUX,2004,Luxembourg,0.018192331,0
LUX,2005,Luxembourg,0.03469405,0
LUX,2006,Luxembourg,0,0
LUX,2007,Luxembourg,0.021916224,0
LUX,2008,Luxembourg,0,0
LUX,2009,Luxembourg,0.044111023,0
LUX,2010,Luxembourg,0,0
LUX,2011,Luxembourg,0.117579345,0
LUX,2012,Luxembourg,0.043618946,0
LUX,2013,Luxembourg,0.08910331,0
LUX,2014,Luxembourg,0.139924913,0
LUX,2015,Luxembourg,0.300124523,0
LUX,2016,Luxembourg,0.117219513,0
LUX,2017,Luxembourg,0.283129861,0
LUX,2018,Luxembourg,0.284817859,0
LUX,2019,Luxembourg,0.101187471,0
MDG,1993,Madagascar,73.25070854,0
MDG,1997,Madagascar,69.37030299,0
MDG,1999,Madagascar,66.86746234,0
MDG,2001,Madagascar,70.99639648,0
MDG,2005,Madagascar,74.22136458,0
MDG,2010,Madagascar,80.15472945,0
MDG,2012,Madagascar,80.7300579,0
MWI,1997,Malawi,58.4547996,0
MWI,2004,Malawi,68.8645813,0
MWI,2010,Malawi,68.42151117,0
MWI,2016,Malawi,65.73572308,0
MWI,2019,Malawi,70.06059874,0
MYS,1992,Malaysia,2.035961914,0
MYS,1995,Malaysia,2.475327148,0
MYS,1997,Malaysia,0.717866211,0
MYS,2003,Malaysia,1.571251693,0
MYS,2006,Malaysia,0.770138228,0
MYS,2008,Malaysia,0.696573831,0
MYS,2011,Malaysia,0.13992568,0
MYS,2013,Malaysia,0.033976989,0
MYS,2015,Malaysia,0.019036654,0
MDV,2002,Maldives,6.608180416,0
MDV,2009,Maldives,3.772896017,0
MDV,2016,Maldives,0,0
MDV,2019,Maldives,0,0
MLI,1994,Mali,84.49571932,0
MLI,2001,Mali,57.15224035,0
MLI,2006,Mali,49.67616157,0
MLI,2009,Mali,48.17214136,0
MLI,2018,Mali,14.79144237,0
MLT,2006,Malta,0.511958558,0
MLT,2007,Malta,0.410324362,0
MLT,2008,Malta,0.109011512,0
MLT,2009,Malta,0.430445416,0
MLT,2010,Malta,0.219273871,0
MLT,2011,Malta,0.1857052,0
MLT,2012,Malta,0.11772207,0
MLT,2013,Malta,0.029666145,0
MLT,2014,Malta,0,1
MLT,2015,Malta,0.084377965,1
MLT,2016,Malta,0.092087107,1
MLT,2017,Malta,0.159886508,1
MLT,2018,Malta,0.103380613,1
MLT,2019,Malta,0.304681779,1
MHL,2019,Marshall Islands,0.854344374,0
MRT,1993,Mauritania,42.84811035,0
MRT,1995,Mauritania,21.83204831,0
MRT,2000,Mauritania,21.48799949,0
MRT,2004,Mauritania,18.12638767,0
MRT,2008,Mauritania,11.84261222,0
MRT,2014,Mauritania,6.490837303,0
MUS,2006,Mauritius,0.307611768,0
MUS,2012,Mauritius,0.412389902,0
MUS,2017,Mauritius,0.125313709,0
MEX,1992,Mexico,7.377365901,0
MEX,1994,Mexico,7.310463669,0
MEX,1996,Mexico,18.09687769,0
MEX,1998,Mexico,12.90328507,0
MEX,2000,Mexico,8.923510871,0
MEX,2002,Mexico,6.588872899,0
MEX,2004,Mexico,5.950515293,0
MEX,2005,Mexico,6.544524699,0
MEX,2006,Mexico,4.152400293,1
MEX,2008,Mexico,5.362180599,1
MEX,2010,Mexico,4.518379959,1
MEX,2012,Mexico,3.839893383,1
MEX,2014,Mexico,3.713511631,1
MEX,2016,Mexico,3.214910566,1
MEX,2018,Mexico,2.629380587,1
FSM,2005,Micronesia (country),8.559807091,0
FSM,2013,Micronesia (country),16.02843764,0
MDA,1997,Moldova,13.00948025,0
MDA,1998,Moldova,24.04740221,0
MDA,1999,Moldova,33.50885549,0
MDA,2000,Moldova,31.08438051,0
MDA,2001,Moldova,23.25572512,0
MDA,2002,Moldova,13.55862226,0
MDA,2003,Moldova,5.608705549,0
MDA,2004,Moldova,6.55040906,0
MDA,2005,Moldova,10.87485997,0
MDA,2006,Moldova,1.96253969,0
MDA,2007,Moldova,0.952441718,0
MDA,2008,Moldova,0.957424862,0
MDA,2009,Moldova,0.658016723,0
MDA,2010,Moldova,0.410401243,0
MDA,2011,Moldova,0.216697103,0
MDA,2012,Moldova,0.138510352,0
MDA,2013,Moldova,0.025188605,0
MDA,2014,Moldova,0,0
MDA,2015,Moldova,0.031209244,0
MDA,2016,Moldova,0.108054411,0
MDA,2017,Moldova,0,0
MDA,2018,Moldova,0,0
MDA,2019,Moldova,0.028645139,0
MNG,1995,Mongolia,14.89959961,0
MNG,1998,Mongolia,28.44401836,0
MNG,2002,Mongolia,11.61210197,0
MNG,2007,Mongolia,1.695188596,0
MNG,2010,Mongolia,1.143570708,0
MNG,2011,Mongolia,0.856681419,0
MNG,2012,Mongolia,0.473109333,0
MNG,2014,Mongolia,0.327552246,0
MNG,2016,Mongolia,0.706497319,0
MNG,2018,Mongolia,0.711585582,0
MNE,2005,Montenegro,0.228418403,0
MNE,2006,Montenegro,0,0
MNE,2007,Montenegro,0.360645065,0
MNE,2008,Montenegro,0.093895993,0
MNE,2009,Montenegro,0,0
MNE,2010,Montenegro,0,0
MNE,2011,Montenegro,0.211241748,0
MNE,2012,Montenegro,1.2642962,0
MNE,2013,Montenegro,1.038303633,0
MNE,2014,Montenegro,0,0
MNE,2015,Montenegro,1.345771296,0
MNE,2016,Montenegro,2.474331027,0
MNE,2017,Montenegro,3.311506361,0
MNE,2018,Montenegro,2.839832998,0
MAR,1998,Morocco,8.375333966,0
MAR,2000,Morocco,7.934031645,0
MAR,2006,Morocco,4.242266377,0
MAR,2013,Morocco,1.443110115,0
MOZ,1996,Mozambique,82.68428457,0
MOZ,2002,Mozambique,80.58823009,0
MOZ,2008,Mozambique,70.79581805,0
MOZ,2014,Mozambique,64.64085921,0
MMR,2015,Myanmar,6.217002414,0
MMR,2017,Myanmar,1.991156731,0
NAM,1993,Namibia,53.51683212,0
NAM,2003,Namibia,35.8615246,0
NAM,2009,Namibia,26.94402986,0
NAM,2015,Namibia,15.61701367,0
NRU,2012,Nauru,1.388212735,0
NPL,1995,Nepal,55.15514504,0
NPL,2003,Nepal,40.3067533,0
NPL,2010,Nepal,8.240499095,0
NLD,1993,Netherlands,0.971405591,0
NLD,1999,Netherlands,0.202898304,1
NLD,2004,Netherlands,0.235875658,1
NLD,2005,Netherlands,0.148320041,1
NLD,2006,Netherlands,0.045792856,1
NLD,2007,Netherlands,0.028631331,1
NLD,2008,Netherlands,0.133608954,1
NLD,2009,Netherlands,0.110770101,1
NLD,2010,Netherlands,0.047438907,1
NLD,2011,Netherlands,0.096053095,1
NLD,2012,Netherlands,0.075842192,1
NLD,2013,Netherlands,0.08687879,1
NLD,2014,Netherlands,0.057712958,1
NLD,2015,Netherlands,0.061662623,1
NLD,2016,Netherlands,0.045917113,1
NLD,2017,Netherlands,0.188766229,1
NLD,2018,Netherlands,0.100916321,1
NLD,2019,Netherlands,0.095728705,1
NIC,1993,Nicaragua,23.04074144,0
NIC,1998,Nicaragua,17.55832484,0
NIC,2001,Nicaragua,18.79119184,0
NIC,2005,Nicaragua,17.25734782,0
NIC,2009,Nicaragua,8.27664411,0
NIC,2014,Nicaragua,3.941028657,0
NER,1992,Niger,84.3648673,0
NER,1994,Niger,85.51636561,0
NER,2005,Niger,80.50121394,0
NER,2007,Niger,78.89103284,0
NER,2011,Niger,60.55905472,0
NER,2014,Niger,53.56470955,0
NER,2018,Niger,50.6335256,0
NGA,1992,Nigeria,52.35387509,0
NGA,1996,Nigeria,58.41951479,0
NGA,2003,Nigeria,47.87892463,0
NGA,2010,Nigeria,34.88532811,0
NGA,2012,Nigeria,33.82892115,0
NGA,2015,Nigeria,32.2566297,0
NGA,2018,Nigeria,30.86329835,0
MKD,1998,North Macedonia,1.136273192,0
MKD,2000,North Macedonia,5.217662565,0
MKD,2002,North Macedonia,1.456554849,0
MKD,2003,North Macedonia,1.243688667,0
MKD,2004,North Macedonia,0.765934068,0
MKD,2005,North Macedonia,1.496119972,0
MKD,2006,North Macedonia,2.84100877,0
MKD,2008,North Macedonia,0.63659594,0
MKD,2009,North Macedonia,9.767671257,0
MKD,2010,North Macedonia,10.44822688,0
MKD,2011,North Macedonia,9.087074613,0
MKD,2012,North Macedonia,6.912791773,0
MKD,2013,North Macedonia,5.225698457,0
MKD,2014,North Macedonia,4.516734538,0
MKD,2015,North Macedonia,5.502537539,0
MKD,2016,North Macedonia,4.236635576,0
MKD,2017,North Macedonia,4.494006462,0
MKD,2018,North Macedonia,3.398556348,0
NOR,1991,Norway,0.475248851,0
NOR,1995,Norway,0.491034531,1
NOR,2000,Norway,0.235081829,1
NOR,2003,Norway,0.204524352,1
NOR,2004,Norway,0.264844873,1
NOR,2005,Norway,0.20196272,1
NOR,2006,Norway,0.130996374,1
NOR,2007,Norway,0.126682812,1
NOR,2008,Norway,0.226725491,1
NOR,2009,Norway,0.086947723,1
NOR,2010,Norway,0.150988138,1
NOR,2011,Norway,0.097571153,1
NOR,2012,Norway,0.117306812,1
NOR,2013,Norway,0.130435583,1
NOR,2014,Norway,0.112921229,1
NOR,2015,Norway,0.170049232,1
NOR,2016,Norway,0.280673307,1
NOR,2017,Norway,0.291652475,1
NOR,2018,Norway,0.254461298,1
NOR,2019,Norway,0.156533964,1
PAK,1996,Pakistan,22.29407022,0
PAK,1998,Pakistan,29.77659901,0
PAK,2001,Pakistan,33.27523473,0
PAK,2004,Pakistan,20.20335848,0
PAK,2005,Pakistan,20.29693869,0
PAK,2007,Pakistan,14.89868297,0
PAK,2010,Pakistan,9.381864062,0
PAK,2011,Pakistan,9.58788455,0
PAK,2013,Pakistan,7.362642871,0
PAK,2015,Pakistan,5.110188292,0
PAK,2018,Pakistan,4.93244806,0
PAN,1991,Panama,20.11065263,0
PAN,1995,Panama,15.47867772,0
PAN,1997,Panama,14.22118203,0
PAN,1998,Panama,14.45880534,0
PAN,1999,Panama,12.27508709,0
PAN,2000,Panama,11.07151189,0
PAN,2001,Panama,14.06280784,0
PAN,2002,Panama,9.564353274,0
PAN,2003,Panama,9.920746607,0
PAN,2004,Panama,8.794021837,0
PAN,2005,Panama,8.564977866,0
PAN,2006,Panama,9.389637731,0
PAN,2007,Panama,6.665941286,0
PAN,2008,Panama,4.073148937,0
PAN,2009,Panama,2.528208744,0
PAN,2010,Panama,3.392066752,0
PAN,2011,Panama,2.452236815,0
PAN,2012,Panama,3.465145696,0
PAN,2013,Panama,2.24455927,0
PAN,2014,Panama,2.893774606,0
PAN,2015,Panama,1.513954853,0
PAN,2016,Panama,1.516926731,0
PAN,2017,Panama,2.097128575,0
PAN,2018,Panama,1.40564489,0
PAN,2019,Panama,1.004099536,0
PNG,1996,Papua New Guinea,52.64489858,0
PNG,2009,Papua New Guinea,39.68331192,0
PRY,1995,Paraguay,12.40301923,0
PRY,1997,Paraguay,10.55316871,0
PRY,1999,Paraguay,10.20673848,0
PRY,2001,Paraguay,8.940979701,0
PRY,2002,Paraguay,13.23583443,0
PRY,2003,Paraguay,8.302467785,0
PRY,2004,Paraguay,5.707771923,0
PRY,2005,Paraguay,6.07228006,0
PRY,2006,Paraguay,7.947743745,0
PRY,2007,Paraguay,7.842305398,0
PRY,2008,Paraguay,4.321987816,0
PRY,2009,Paraguay,5.767491884,0
PRY,2010,Paraguay,5.459741344,0
PRY,2011,Paraguay,5.048014341,0
PRY,2012,Paraguay,3.331309979,0
PRY,2013,Paraguay,1.787566038,0
PRY,2014,Paraguay,2.413887988,0
PRY,2015,Paraguay,1.891344622,0
PRY,2016,Paraguay,1.694291687,0
PRY,2017,Paraguay,0.981439363,0
PRY,2018,Paraguay,1.406686625,0
PRY,2019,Paraguay,1.011510693,0
PER,1994,Peru,17.49187544,0
PER,1997,Peru,19.88415962,0
PER,1998,Peru,19.49075932,0
PER,1999,Peru,19.3359102,0
PER,2000,Peru,19.26862648,0
PER,2001,Peru,20.32250934,0
PER,2002,Peru,17.57169748,0
PER,2003,Peru,14.71223052,0
PER,2004,Peru,16.3319912,0
PER,2005,Peru,17.82866114,0
PER,2006,Peru,15.60482261,0
PER,2007,Peru,13.240407,0
PER,2008,Peru,10.95046569,0
PER,2009,Peru,8.82283677,0
PER,2010,Peru,6.835758113,0
PER,2011,Peru,6.508266031,0
PER,2012,Peru,6.081969143,0
PER,2013,Peru,5.426511991,0
PER,2014,Peru,4.829549187,0
PER,2015,Peru,4.741669979,0
PER,2016,Peru,4.618025375,0
PER,2017,Peru,4.4970593,0
PER,2018,Peru,3.569299311,0
PER,2019,Peru,2.978064004,0
PHL,1991,Philippines,27.19501486,0
PHL,1994,Philippines,25.5803358,0
PHL,1997,Philippines,18.16164225,0
PHL,2000,Philippines,15.03199118,0
PHL,2003,Philippines,13.63461416,0
PHL,2006,Philippines,15.29853339,0
PHL,2009,Philippines,11.12621719,0
PHL,2012,Philippines,12.48554379,0
PHL,2015,Philippines,8.290904289,0
PHL,2018,Philippines,5.044598474,0
POL,1992,Poland,0.223611566,0
POL,1993,Poland,0.174761963,0
POL,1995,Poland,1.744774299,0
POL,1996,Poland,3.000124512,0
POL,1998,Poland,0.031674006,0
POL,1999,Poland,0.072089823,0
POL,2000,Poland,0.139405339,0
POL,2001,Poland,0.08741436,0
POL,2002,Poland,0.084758152,0
POL,2003,Poland,0.075385485,0
POL,2004,Poland,0.105296569,0
POL,2005,Poland,0.184676222,0
POL,2006,Poland,0.039085575,0
POL,2007,Poland,0.031426505,0
POL,2008,Poland,0.012630832,0
POL,2009,Poland,0.015364228,0
POL,2010,Poland,0.007466901,0
POL,2011,Poland,0.028970924,0
POL,2012,Poland,0.021968882,0
POL,2013,Poland,0.00905477,0
POL,2014,Poland,0.010303651,0
POL,2015,Poland,0,0
POL,2016,Poland,0.004540368,0
POL,2017,Poland,0.001812518,0
POL,2018,Poland,0.00647354,0
POL,2019,Poland,0,0
PRT,2003,Portugal,0.895896368,0
PRT,2004,Portugal,0.53664836,0
PRT,2005,Portugal,0.543521214,0
PRT,2006,Portugal,0.092665896,0
PRT,2007,Portugal,0.257713543,0
PRT,2008,Portugal,0.137252394,0
PRT,2009,Portugal,0.165896615,0
PRT,2010,Portugal,0.136459831,0
PRT,2011,Portugal,0.508036104,0
PRT,2012,Portugal,0.703210638,0
PRT,2013,Portugal,0.855185916,0
PRT,2014,Portugal,0.545673779,0
PRT,2015,Portugal,0.482394234,0
PRT,2016,Portugal,0.374637015,0
PRT,2017,Portugal,0.410495999,0
PRT,2018,Portugal,0.290253898,0
PRT,2019,Portugal,0.148720617,0
ROU,1992,Romania,0.553104248,0
ROU,1994,Romania,8.907145996,0
ROU,1995,Romania,1.748584311,0
ROU,1997,Romania,2.248916082,0
ROU,1998,Romania,1.660489997,0
ROU,1999,Romania,5.328873856,0
ROU,2000,Romania,6.21738025,0
ROU,2001,Romania,4.441617847,0
ROU,2002,Romania,4.587094727,0
ROU,2003,Romania,3.175617204,0
ROU,2004,Romania,2.238734193,0
ROU,2005,Romania,1.77177383,0
ROU,2006,Romania,1.932631923,0
ROU,2007,Romania,0.861013215,0
ROU,2008,Romania,0,0
ROU,2009,Romania,0,0
ROU,2010,Romania,0,0
ROU,2011,Romania,0,0
ROU,2012,Romania,0,0
ROU,2013,Romania,0,0
ROU,2014,Romania,7.0226743,0
ROU,2015,Romania,5.266119069,0
ROU,2016,Romania,0,0
ROU,2017,Romania,3.266133243,0
ROU,2018,Romania,0,0
ROU,2019,Romania,2.164076617,0
RUS,1993,Russia,3.528897256,0
RUS,1996,Russia,4.656504049,0
RUS,1997,Russia,1.522083472,0
RUS,1998,Russia,2.284447282,0
RUS,1999,Russia,4.385636614,0
RUS,2000,Russia,2.975406653,0
RUS,2001,Russia,1.757626498,0
RUS,2002,Russia,1.011396768,0
RUS,2003,Russia,1.092987428,0
RUS,2004,Russia,1.003274879,0
RUS,2005,Russia,0.774756222,0
RUS,2006,Russia,0.440968204,0
RUS,2007,Russia,0.201399444,0
RUS,2008,Russia,0.092125151,0
RUS,2009,Russia,0.066181496,0
RUS,2010,Russia,0.083329449,0
RUS,2011,Russia,0.038264906,0
RUS,2012,Russia,0.032211402,0
RUS,2013,Russia,0.008163993,0
RUS,2014,Russia,0.021315758,0
RUS,2015,Russia,0.03634019,0
RUS,2016,Russia,0.027193299,0
RUS,2017,Russia,0.033431693,0
RUS,2018,Russia,0.029192208,0
RUS,2019,Russia,0.030001637,0
RWA,2000,Rwanda,75.21360479,0
RWA,2005,Rwanda,66.05174515,0
RWA,2010,Rwanda,59.20515637,0
RWA,2013,Rwanda,53.74718795,0
RWA,2016,Rwanda,52.0053934,0
LCA,1995,Saint Lucia,38.12340516,0
LCA,2016,Saint Lucia,5.122804971,0
WSM,2002,Samoa,2.178177844,0
WSM,2008,Samoa,1.052525968,0
WSM,2013,Samoa,1.150477021,0
STP,2000,Sao Tome and Principe,20.44645248,0
STP,2010,Sao Tome and Principe,22.61578973,0
STP,2017,Sao Tome and Principe,15.55189948,0
SEN,1991,Senegal,70.09887358,0
SEN,1994,Senegal,60.25185547,0
SEN,2001,Senegal,52.44070876,0
SEN,2005,Senegal,41.06175398,0
SEN,2011,Senegal,40.98436542,0
SEN,2018,Senegal,9.33548495,0
SRB,2002,Serbia,0.127998485,0
SRB,2003,Serbia,0.380461456,0
SRB,2004,Serbia,0.796668478,0
SRB,2005,Serbia,0.78774031,0
SRB,2006,Serbia,0.47052858,0
SRB,2007,Serbia,0.369309026,0
SRB,2008,Serbia,0.111986023,0
SRB,2009,Serbia,0.144501787,0
SRB,2010,Serbia,0.097779403,0
SRB,2012,Serbia,5.340190966,0
SRB,2013,Serbia,0.225479005,0
SRB,2014,Serbia,6.923150372,0
SRB,2015,Serbia,0.071719055,0
SRB,2016,Serbia,6.3563869,0
SRB,2017,Serbia,5.394841965,0
SRB,2018,Serbia,0.03704303,0
SRB,2019,Serbia,0.045231834,0
SYC,1999,Seychelles,0.758265089,0
SYC,2006,Seychelles,0.372481956,0
SYC,2013,Seychelles,1.236059194,0
SYC,2018,Seychelles,0.511004008,0
SLE,2003,Sierra Leone,61.331979,0
SLE,2011,Sierra Leone,38.69812928,0
SLE,2018,Sierra Leone,26.06203412,0
SVK,1992,Slovakia,0,0
SVK,1996,Slovakia,1.493481817,0
SVK,2004,Slovakia,0.075020547,0
SVK,2005,Slovakia,0.092847811,0
SVK,2006,Slovakia,0,0
SVK,2007,Slovakia,0,0
SVK,2008,Slovakia,0,0
SVK,2009,Slovakia,0,0
SVK,2010,Slovakia,0.495107889,0
SVK,2011,Slovakia,0.423860768,0
SVK,2012,Slovakia,0.400928967,0
SVK,2013,Slovakia,0.281499278,0
SVK,2014,Slovakia,0.675449182,0
SVK,2015,Slovakia,0.661759802,0
SVK,2016,Slovakia,1.380700722,0
SVK,2017,Slovakia,0.225368471,0
SVK,2018,Slovakia,0.169457073,0
SVK,2019,Slovakia,0.118116262,0
SVN,1993,Slovenia,0.040511475,0
SVN,1997,Slovenia,0,0
SVN,1998,Slovenia,0.028306885,0
SVN,1999,Slovenia,0,0
SVN,2002,Slovenia,0,0
SVN,2003,Slovenia,0,0
SVN,2004,Slovenia,0.025957223,0
SVN,2005,Slovenia,0.101450935,0
SVN,2006,Slovenia,0.050460541,1
SVN,2007,Slovenia,0.032348869,1
SVN,2008,Slovenia,0,1
SVN,2009,Slovenia,0,1
SVN,2010,Slovenia,0.009157745,1
SVN,2011,Slovenia,0,1
SVN,2012,Slovenia,0.026254447,1
SVN,2013,Slovenia,0.021756855,1
SVN,2014,Slovenia,0,1
SVN,2015,Slovenia,0.004852958,1
SVN,2016,Slovenia,0,1
SVN,2017,Slovenia,0,1
SVN,2018,Slovenia,0,1
SVN,2019,Slovenia,0,1
SLB,2005,Solomon Islands,50.61650181,0
SLB,2012,Solomon Islands,26.5648856,0
SOM,2017,Somalia,70.72620128,0
ZAF,1993,South Africa,33.53771157,0
ZAF,2000,South Africa,36.82296584,0
ZAF,2005,South Africa,28.32473968,0
ZAF,2008,South Africa,18.66297332,1
ZAF,2010,South Africa,18.06388657,1
ZAF,2014,South Africa,20.48492024,1
KOR,2006,South Korea,0.249442343,0
KOR,2008,South Korea,0.242759109,0
KOR,2010,South Korea,0.495899722,0
KOR,2012,South Korea,0.249280626,0
KOR,2014,South Korea,0.235642859,0
KOR,2016,South Korea,0.226665143,0
SSD,2009,South Sudan,34.54164807,0
SSD,2016,South Sudan,67.32726541,0
ESP,1995,Spain,1.244829405,0
ESP,2000,Spain,0.487381555,0
ESP,2003,Spain,0.808751112,0
ESP,2004,Spain,0.817651808,0
ESP,2005,Spain,0.737974888,0
ESP,2006,Spain,0.769631769,0
ESP,2007,Spain,0.363040847,0
ESP,2008,Spain,0.488918584,0
ESP,2009,Spain,0.805600422,0
ESP,2010,Spain,0.675725153,0
ESP,2011,Spain,1.127329639,0
ESP,2012,Spain,0.936593669,0
ESP,2013,Spain,1.13630404,0
ESP,2014,Spain,0.787157227,0
ESP,2015,Spain,0.903526989,0
ESP,2016,Spain,1.125279634,0
ESP,2017,Spain,0.678091086,0
ESP,2018,Spain,0.838614543,0
ESP,2019,Spain,0.793813425,0
LKA,1995,Sri Lanka,11.77527361,0
LKA,2002,Sri Lanka,11.01708325,0
LKA,2006,Sri Lanka,5.629364564,0
LKA,2009,Sri Lanka,3.495460868,0
LKA,2012,Sri Lanka,2.587148659,0
LKA,2016,Sri Lanka,1.295317612,0
SDN,2009,Sudan,18.57616892,0
SDN,2014,Sudan,15.26305994,0
SWE,1992,Sweden,0.243513199,0
SWE,1995,Sweden,0.247249126,0
SWE,2000,Sweden,0,0
SWE,2003,Sweden,0.323709625,0
SWE,2004,Sweden,0.397172031,0
SWE,2005,Sweden,1.084583138,0
SWE,2006,Sweden,0.364382628,0
SWE,2007,Sweden,0.410839168,0
SWE,2008,Sweden,0.576402471,0
SWE,2009,Sweden,0.458015904,0
SWE,2010,Sweden,0.547409197,0
SWE,2011,Sweden,0.615651296,0
SWE,2012,Sweden,0.457002129,0
SWE,2013,Sweden,0.650871443,0
SWE,2014,Sweden,0.474333541,0
SWE,2015,Sweden,0.569155098,0
SWE,2016,Sweden,0.261452654,0
SWE,2017,Sweden,0.248349956,0
SWE,2018,Sweden,0.725506833,0
SWE,2019,Sweden,0.316518612,0
CHE,1992,Switzerland,0.494562942,0
CHE,2000,Switzerland,0,0
CHE,2002,Switzerland,0,1
CHE,2006,Switzerland,0.046570357,1
CHE,2007,Switzerland,0.0208164,1
CHE,2008,Switzerland,0.068479605,1
CHE,2009,Switzerland,0.038057731,1
CHE,2010,Switzerland,0.048670206,1
CHE,2011,Switzerland,0.003111316,1
CHE,2012,Switzerland,0.008965495,1
CHE,2013,Switzerland,0.042183743,1
CHE,2014,Switzerland,0.032768064,1
CHE,2015,Switzerland,0.030542556,1
CHE,2016,Switzerland,0.034275332,1
CHE,2017,Switzerland,0,1
CHE,2018,Switzerland,0.030503981,1
SYR,1996,Syria,2.468665334,0
SYR,2003,Syria,1.098121134,0
TWN,1991,Taiwan,0,0
TWN,1995,Taiwan,0.498810674,0
TWN,1997,Taiwan,0,0
TWN,2000,Taiwan,0,0
TWN,2005,Taiwan,0,0
TWN,2007,Taiwan,0,0
TWN,2010,Taiwan,0.24100541,0
TWN,2013,Taiwan,0,0
TWN,2016,Taiwan,0,1
TJK,1999,Tajikistan,61.96240387,0
TJK,2003,Tajikistan,36.74975909,0
TJK,2004,Tajikistan,21.35816094,0
TJK,2007,Tajikistan,12.79747194,0
TJK,2009,Tajikistan,6.792115552,0
TJK,2015,Tajikistan,6.114529141,0
TZA,1991,Tanzania,69.28886415,0
TZA,2000,Tanzania,84.03533022,0
TZA,2007,Tanzania,56.24071127,0
TZA,2011,Tanzania,44.65546314,0
TZA,2018,Tanzania,44.94932284,0
THA,1992,Thailand,8.995007636,0
THA,1994,Thailand,4.503986473,0
THA,1996,Thailand,3.086195191,0
THA,1998,Thailand,2.175270889,0
THA,1999,Thailand,3.950531172,0
THA,2000,Thailand,3.96749141,0
THA,2002,Thailand,1.759294881,0
THA,2004,Thailand,1.185711428,0
THA,2006,Thailand,0.929875124,0
THA,2007,Thailand,0.541695954,0
THA,2008,Thailand,0.304468657,0
THA,2009,Thailand,0.247226601,0
THA,2010,Thailand,0.265238218,0
THA,2011,Thailand,0.071561531,0
THA,2012,Thailand,0.115320516,0
THA,2013,Thailand,0.060821895,0
THA,2014,Thailand,0.090258254,0
THA,2015,Thailand,0.046537519,0
THA,2016,Thailand,0.036147502,0
THA,2017,Thailand,0.037088284,0
THA,2018,Thailand,0.032133955,0
THA,2019,Thailand,0.095037602,0
TGO,2006,Togo,60.9691554,0
TGO,2011,Togo,58.88720759,0
TGO,2015,Togo,54.69216152,0
TGO,2018,Togo,28.06985484,0
TON,2000,Tonga,3.094809389,0
TON,2009,Tonga,1.261610177,0
TON,2015,Tonga,1.104749418,0
TTO,1992,Trinidad and Tobago,2.084780273,0
TUN,1995,Tunisia,9.480761719,0
TUN,2000,Tunisia,4.379243164,0
TUN,2005,Tunisia,2.568061678,0
TUN,2010,Tunisia,1.496022543,0
TUN,2015,Tunisia,0.140061547,0
TUR,1994,Turkey,2.951306152,0
TUR,2002,Turkey,2.104415133,0
TUR,2003,Turkey,3.855589588,0
TUR,2004,Turkey,2.013649781,0
TUR,2005,Turkey,2.34066645,0
TUR,2006,Turkey,1.770227048,0
TUR,2007,Turkey,1.305338858,0
TUR,2008,Turkey,0.564947825,0
TUR,2009,Turkey,0.720389992,0
TUR,2010,Turkey,0.773769151,0
TUR,2011,Turkey,0.129527413,0
TUR,2012,Turkey,0.093060849,0
TUR,2013,Turkey,0.298105342,0
TUR,2014,Turkey,0.204682579,0
TUR,2015,Turkey,0.212372856,0
TUR,2016,Turkey,0.202716984,0
TUR,2017,Turkey,0.138647252,0
TUR,2018,Turkey,0.040396954,0
TUR,2019,Turkey,0.360609789,0
TKM,1998,Turkmenistan,43.11510554,0
TUV,2010,Tuvalu,3.625351862,0
UGA,1992,Uganda,65.85873584,0
UGA,1996,Uganda,64.93442768,0
UGA,1999,Uganda,68.67173159,0
UGA,2002,Uganda,66.70400601,0
UGA,2005,Uganda,58.03153229,0
UGA,2009,Uganda,46.71518346,0
UGA,2012,Uganda,37.54404426,0
UGA,2016,Uganda,42.73089373,0
UGA,2019,Uganda,42.20772863,0
UKR,1992,Ukraine,3.906744628,0
UKR,1993,Ukraine,1.94601621,0
UKR,1995,Ukraine,7.100866699,0
UKR,1996,Ukraine,7.208012878,0
UKR,1999,Ukraine,11.72640625,0
UKR,2002,Ukraine,2.662997034,0
UKR,2003,Ukraine,1.138515957,0
UKR,2004,Ukraine,0.929671556,0
UKR,2005,Ukraine,0.3968115,0
UKR,2006,Ukraine,0.160452138,0
UKR,2007,Ukraine,0.10203078,0
UKR,2008,Ukraine,0.026821088,0
UKR,2009,Ukraine,0.069318267,0
UKR,2010,Ukraine,0.012536797,0
UKR,2011,Ukraine,0.011348582,0
UKR,2012,Ukraine,0.113847042,0
UKR,2013,Ukraine,0.004414646,0
UKR,2014,Ukraine,0.012276275,0
UKR,2015,Ukraine,0.123216765,0
UKR,2016,Ukraine,0.098347497,0
UKR,2017,Ukraine,0.032223951,0
UKR,2018,Ukraine,0.009935224,0
UKR,2019,Ukraine,0,0
ARE,2013,United Arab Emirates,0,0
GBR,1991,United Kingdom,0.240796754,0
GBR,1994,United Kingdom,0.246627261,0
GBR,1995,United Kingdom,0.24714141,0
GBR,1996,United Kingdom,0.246367195,0
GBR,1997,United Kingdom,0.247251132,0
GBR,1998,United Kingdom,0.245557442,0
GBR,1999,United Kingdom,0.24853189,0
GBR,2000,United Kingdom,0.248151377,0
GBR,2001,United Kingdom,0.23821339,0
GBR,2002,United Kingdom,0.242948246,0
GBR,2003,United Kingdom,0.247972883,0
GBR,2004,United Kingdom,0.371322964,1
GBR,2005,United Kingdom,0.523194099,1
GBR,2006,United Kingdom,0.197943923,1
GBR,2007,United Kingdom,0.266805213,1
GBR,2008,United Kingdom,0.29490337,1
GBR,2009,United Kingdom,0.172647618,1
GBR,2010,United Kingdom,0.163314081,1
GBR,2011,United Kingdom,0.378939072,1
GBR,2012,United Kingdom,0.168917547,1
GBR,2013,United Kingdom,0.159602324,1
GBR,2014,United Kingdom,0.196634764,1
GBR,2015,United Kingdom,0.147457278,1
GBR,2016,United Kingdom,0.210261684,1
GBR,2017,United Kingdom,0.311566487,1
USA,1991,United States,0.49938721,0
USA,1992,United States,0.497899338,0
USA,1993,United States,0.499658555,0
USA,1994,United States,0.499792789,0
USA,1995,United States,0.49998137,0
USA,1996,United States,0.74854541,0
USA,1997,United States,0.749061645,0
USA,1998,United States,0.748834061,0
USA,1999,United States,0.748056213,0
USA,2000,United States,0.749595366,1
USA,2001,United States,0.749306928,1
USA,2002,United States,0.748915861,1
USA,2003,United States,0.997419733,1
USA,2004,United States,0.999882051,1
USA,2005,United States,0.999731811,1
USA,2006,United States,0.998909147,1
USA,2007,United States,0.999890444,1
USA,2008,United States,0.999749241,1
USA,2009,United States,0.999386019,1
USA,2010,United States,0.999726797,1
USA,2011,United States,0.99897617,1
USA,2012,United States,0.998479684,1
USA,2013,United States,0.995463915,1
USA,2014,United States,1.248946822,1
USA,2015,United States,1.249188105,1
USA,2016,United States,0.999391061,1
USA,2017,United States,1.249922877,1
USA,2018,United States,0.999791875,1
USA,2019,United States,0.999170522,1
URY,2006,Uruguay,0.564088264,0
URY,2007,Uruguay,0.38097278,0
URY,2008,Uruguay,0.227577977,1
URY,2009,Uruguay,0.282200242,1
URY,2010,Uruguay,0.169116238,1
URY,2011,Uruguay,0.139418565,1
URY,2012,Uruguay,0.169385296,1
URY,2013,Uruguay,0.174248012,1
URY,2014,Uruguay,0.153461778,1
URY,2015,Uruguay,0.149765946,1
URY,2016,Uruguay,0.092271666,1
URY,2017,Uruguay,0.066345904,1
URY,2018,Uruguay,0.055849955,1
URY,2019,Uruguay,0.102072005,1
UZB,1998,Uzbekistan,59.39889873,0
UZB,2000,Uzbekistan,82.30407496,0
UZB,2002,Uzbekistan,81.33505307,0
UZB,2003,Uzbekistan,82.19681768,0
VUT,2010,Vanuatu,14.65041996,0
VUT,2019,Vanuatu,9.999461547,0
VEN,1992,Venezuela,4.52604319,0
VEN,1995,Venezuela,9.928084972,0
VEN,1998,Venezuela,10.43187038,0
VEN,1999,Venezuela,11.83312344,0
VEN,2001,Venezuela,10.29149147,0
VEN,2002,Venezuela,16.38135301,0
VEN,2003,Venezuela,19.65253442,0
VEN,2004,Venezuela,16.60901169,0
VEN,2005,Venezuela,14.35570989,0
VEN,2006,Venezuela,7.130036624,0
VNM,1992,Vietnam,45.06900457,0
VNM,1997,Vietnam,24.3894816,0
VNM,2002,Vietnam,29.93925408,0
VNM,2004,Vietnam,20.14201176,0
VNM,2006,Vietnam,14.90166847,0
VNM,2008,Vietnam,11.13982687,0
VNM,2010,Vietnam,2.870482209,0
VNM,2012,Vietnam,1.660162326,0
VNM,2014,Vietnam,1.91204581,0
VNM,2016,Vietnam,1.263445246,0
VNM,2018,Vietnam,1.23144116,0
YEM,1998,Yemen,8.09864256,0
YEM,2005,Yemen,10.54290112,0
YEM,2014,Yemen,19.80275669,0
ZMB,1991,Zambia,57.43859723,0
ZMB,1993,Zambia,59.05604672,0
ZMB,1996,Zambia,46.7733849,0
ZMB,1998,Zambia,47.22561017,0
ZMB,2002,Zambia,56.38885202,0
ZMB,2004,Zambia,61.06245755,0
ZMB,2006,Zambia,64.69802769,0
ZMB,2010,Zambia,68.45660588,0
ZMB,2015,Zambia,61.35216043,0
ZWE,2011,Zimbabwe,21.58006347,0
ZWE,2017,Zimbabwe,34.20604552,0
ZWE,2019,Zimbabwe,39.75453323,0